Player,Ht,Wt,40yd,Vertical,Bench,Broad Jump,3Cone,Shuttle,Player-additional,Rnd,Pick,Tm,Pos,Age,To,AP1,PB,St,wAV,DrAV,G,Cmp,Att,Yds,TD,Int,Att.1,Yds.1,TD.1,Rec,Yds.2,TD.2,Solo,Int.1,Sk,-9999
Johnathan Abram,5-11,205,4.45,,,116.0,,,AbraJo01,1,27,OAK,S,22,2022.0,0,0,2,11.0,10.0,43.0,0.0,0.0,0.0,0.0,0.0,0.0,0.0,0.0,0.0,0.0,0.0,167.0,3.0,,AbraJo01
Nasir Adderley,6-0,206,,,,,,,AddeNa00,2,60,LAC,S,22,2022.0,0,0,3,13.0,13.0,50.0,0.0,0.0,0.0,0.0,0.0,0.0,0.0,0.0,0.0,0.0,0.0,168.0,3.0,0.5,AddeNa00
Dakota Allen,6-1,232,4.77,31.5,23.0,116.0,6.88,4.04,AlleDa01,7,251,LAR,LB,23,2022.0,0,0,0,2.0,,38.0,0.0,0.0,0.0,0.0,0.0,0.0,0.0,0.0,0.0,0.0,0.0,19.0,,,AlleDa01
Josh Allen,6-5,262,4.63,,28.0,118.0,7.15,4.23,AlleJo03,1,7,JAX,LB,22,2022.0,0,1,3,23.0,23.0,57.0,0.0,0.0,0.0,0.0,0.0,0.0,0.0,0.0,0.0,0.0,0.0,119.0,1.0,27.5,AlleJo03
Zach Allen,6-4,281,5.0,32.0,24.0,112.0,7.34,4.36,AlleZa01,3,65,ARI,DE,22,2022.0,0,0,3,16.0,16.0,45.0,0.0,0.0,0.0,0.0,0.0,0.0,0.0,0.0,0.0,0.0,0.0,79.0,1.0,11.5,AlleZa01
Ugo Amadi,5-9,199,4.51,32.5,18.0,115.0,7.21,4.19,AmadUg00,4,132,SEA,S,22,2022.0,0,0,1,6.0,6.0,50.0,0.0,0.0,0.0,0.0,0.0,0.0,0.0,0.0,0.0,0.0,0.0,106.0,1.0,,AmadUg00
Rodney Anderson,6-0,224,,,25.0,,,,AndeRo02,6,211,CIN,RB,22,,0,0,0,,,,,,,,,,,,,,,,,,AndeRo02
Ryquell Armstead,5-11,220,4.45,30.0,22.0,114.0,7.02,4.29,ArmsRy00,5,140,JAX,RB,22,2021.0,0,0,0,2.0,2.0,18.0,0.0,0.0,0.0,0.0,0.0,50.0,188.0,0.0,17.0,160.0,2.0,1.0,,,ArmsRy00
Blessuan Austin,6-1,198,,,15.0,,,,AustBl00,6,196,NYJ,CB,23,2021.0,0,0,1,6.0,5.0,29.0,0.0,0.0,0.0,0.0,0.0,0.0,0.0,0.0,0.0,0.0,0.0,77.0,,,AustBl00
Jake Bailey,6-1,200,4.72,33.0,,117.0,,,BailJa00,5,163,NWE,P,22,2022.0,1,1,1,7.0,7.0,58.0,0.0,0.0,0.0,0.0,0.0,0.0,0.0,0.0,0.0,0.0,0.0,4.0,,,BailJa00
Deandre Baker,5-11,193,4.52,,14.0,118.0,,,BakeDe00,1,30,NYG,CB,22,2021.0,0,0,1,6.0,5.0,26.0,0.0,0.0,0.0,0.0,0.0,0.0,0.0,0.0,0.0,0.0,0.0,65.0,,1.0,BakeDe00
Corey Ballentine,5-11,196,4.47,39.5,15.0,135.0,6.82,4.14,BallCo00,6,180,NYG,CB,23,2022.0,0,0,0,2.0,2.0,40.0,0.0,0.0,0.0,0.0,0.0,0.0,0.0,0.0,0.0,0.0,0.0,42.0,,,BallCo00
Ben Banogu,6-3,250,4.62,40.0,23.0,134.0,7.02,4.27,BanoBe00,2,49,IND,LB,23,2022.0,0,0,0,4.0,4.0,50.0,0.0,0.0,0.0,0.0,0.0,0.0,0.0,0.0,0.0,0.0,0.0,13.0,,2.5,BanoBe00
Cody Barton,6-2,237,4.64,32.5,30.0,116.0,6.9,4.03,BartCo00,3,88,SEA,LB,22,2022.0,0,0,1,10.0,10.0,65.0,0.0,0.0,0.0,0.0,0.0,0.0,0.0,0.0,0.0,0.0,0.0,140.0,2.0,2.0,BartCo00
Jackson Barton,6-7,310,5.18,27.0,25.0,109.0,7.85,4.66,BartJa00,7,240,IND,T,24,2022.0,0,0,0,0.0,,8.0,0.0,0.0,0.0,0.0,0.0,0.0,0.0,0.0,0.0,0.0,0.0,,,,BartJa00
Terry Beckner,6-4,296,5.19,24.5,28.0,98.0,7.97,4.82,BeckTe00,7,215,TAM,DT,22,,0,0,0,,,,,,,,,,,,,,,,,,BeckTe00
Marquise Blair,6-1,195,4.48,35.0,,125.0,,,BlaiMa01,2,47,SEA,S,22,2022.0,0,0,0,2.0,2.0,25.0,0.0,0.0,0.0,0.0,0.0,0.0,0.0,0.0,0.0,0.0,0.0,34.0,,,BlaiMa01
Nick Bosa,6-4,266,4.79,33.5,29.0,116.0,7.1,4.14,BosaNi00,1,2,SFO,DE,21,2022.0,1,3,3,41.0,41.0,51.0,0.0,0.0,0.0,0.0,0.0,0.0,0.0,0.0,0.0,0.0,0.0,116.0,1.0,43.0,BosaNi00
Kris Boyd,5-11,201,4.45,36.5,19.0,127.0,6.94,4.08,BoydKr00,7,217,MIN,CB,22,2022.0,0,0,0,6.0,6.0,58.0,0.0,0.0,0.0,0.0,0.0,0.0,0.0,0.0,0.0,0.0,0.0,73.0,,,BoydKr00
Miles Boykin,6-4,220,4.42,43.5,12.0,140.0,6.77,4.07,BoykMi00,3,93,BAL,WR,22,2022.0,0,0,2,6.0,6.0,56.0,0.0,0.0,0.0,0.0,0.0,0.0,0.0,0.0,35.0,481.0,7.0,11.0,,,BoykMi00
Garrett Bradbury,6-3,306,4.92,31.0,34.0,104.0,7.41,4.53,BradGa00,1,18,MIN,C,24,2022.0,0,0,4,23.0,23.0,57.0,0.0,0.0,0.0,0.0,0.0,0.0,0.0,0.0,2.0,17.0,0.0,1.0,,,BradGa00
Jordan Brailford,6-3,252,4.65,37.5,22.0,126.0,,,BraiJo00,7,253,WAS,DE,23,2020.0,0,0,0,1.0,,5.0,0.0,0.0,0.0,0.0,0.0,0.0,0.0,0.0,0.0,0.0,0.0,2.0,,,BraiJo00
Jordan Brown,6-0,201,4.51,39.5,13.0,128.0,,,-9999,7,223,CIN,CB,23,,0,0,0,,,,,,,,,,,,,,,,,,BrowJo04
A.J. Brown,6-0,226,4.49,36.5,19.0,120.0,,,BrowAJ00,2,51,TEN,WR,22,2022.0,0,2,4,44.0,28.0,60.0,0.0,2.0,0.0,0.0,0.0,5.0,70.0,1.0,273.0,4491.0,35.0,4.0,,,BrowAJ00
Marquise Brown,5-9,166,,,,,,,BrowMa04,1,25,BAL,WR,22,2022.0,0,0,3,29.0,24.0,58.0,0.0,0.0,0.0,0.0,0.0,3.0,7.0,0.0,262.0,3070.0,24.0,3.0,,,BrowMa04
Austin Bryant,6-4,271,,,,,,,BryaAu00,4,117,DET,DE,22,2022.0,0,0,0,5.0,5.0,33.0,0.0,0.0,0.0,0.0,0.0,0.0,0.0,0.0,0.0,0.0,0.0,42.0,,4.5,BryaAu00
Isaiah Buggs,6-3,306,5.15,24.5,20.0,96.0,8.01,4.83,BuggIs00,6,192,PIT,DT,23,2022.0,0,0,1,10.0,5.0,46.0,0.0,0.0,0.0,0.0,0.0,0.0,0.0,0.0,0.0,0.0,0.0,35.0,,1.0,BuggIs00
Brian Burns,6-5,249,4.53,36.0,,129.0,7.01,,BurnBr00,1,16,CAR,DE,21,2022.0,0,2,3,29.0,29.0,64.0,0.0,0.0,0.0,0.0,0.0,0.0,0.0,0.0,0.0,0.0,0.0,119.0,,38.0,BurnBr00
Ben Burr-Kirven,6-0,230,4.56,34.5,21.0,121.0,6.85,4.09,BurrBe00,5,142,SEA,LB,21,2020.0,0,0,0,2.0,2.0,32.0,0.0,0.0,0.0,0.0,0.0,0.0,0.0,0.0,0.0,0.0,0.0,10.0,,,BurrBe00
Hakeem Butler,6-5,227,4.48,36.0,18.0,128.0,,,ButlHa00,4,103,ARI,WR,23,2020.0,0,0,0,0.0,,2.0,0.0,0.0,0.0,0.0,0.0,0.0,0.0,0.0,0.0,0.0,0.0,,,,ButlHa00
Yodny Cajuste,6-5,312,,,32.0,,,,CajuYo00,3,101,NWE,T,23,2022.0,0,0,0,4.0,4.0,17.0,0.0,0.0,0.0,0.0,0.0,0.0,0.0,0.0,0.0,0.0,0.0,1.0,,,CajuYo00
Parris Campbell,6-0,205,4.31,40.0,11.0,135.0,,4.03,CampPa00,2,59,IND,WR,22,2022.0,0,0,1,9.0,9.0,32.0,0.0,0.0,0.0,0.0,0.0,11.0,108.0,0.0,97.0,983.0,5.0,1.0,,,CampPa00
Blake Cashman,6-1,237,4.5,37.5,18.0,124.0,6.95,4.12,CashBl00,5,157,NYJ,LB,23,2022.0,0,0,0,6.0,4.0,30.0,0.0,0.0,0.0,0.0,0.0,0.0,0.0,0.0,0.0,0.0,0.0,53.0,,3.5,CashBl00
Demarcus Christmas,6-3,294,5.08,25.5,22.0,101.0,8.13,5.07,ChriDe01,6,209,SEA,DT,24,,0,0,0,,,,,,,,,,,,,,,,,,ChriDe01
L.J. Collier,6-2,283,4.91,30.0,25.0,118.0,7.71,4.78,CollLJ00,1,29,SEA,DE,23,2022.0,0,0,1,9.0,9.0,45.0,0.0,0.0,0.0,0.0,0.0,0.0,0.0,0.0,0.0,0.0,0.0,24.0,,3.0,CollLJ00
John Cominsky,6-5,286,4.69,33.5,22.0,116.0,7.03,4.38,ComiJo00,4,135,ATL,DE,23,2022.0,0,0,0,7.0,3.0,41.0,0.0,0.0,0.0,0.0,0.0,0.0,0.0,0.0,0.0,0.0,0.0,37.0,,5.5,ComiJo00
Ryan Connelly,6-2,242,4.66,34.5,,118.0,7.09,4.31,ConnRy00,5,143,NYG,LB,23,2022.0,0,0,0,4.0,2.0,31.0,0.0,0.0,0.0,0.0,0.0,0.0,0.0,0.0,0.0,0.0,0.0,19.0,2.0,1.0,ConnRy00
Byron Cowart,6-3,298,5.16,30.0,26.0,111.0,,,CowaBy00,5,159,NWE,DT,23,2022.0,0,0,1,10.0,9.0,36.0,0.0,0.0,0.0,0.0,0.0,0.0,0.0,0.0,0.0,0.0,0.0,19.0,,1.0,CowaBy00
Xavier Crawford,5-11,187,4.48,37.5,11.0,,,,CrawXa00,6,195,HOU,CB,23,2022.0,0,0,0,1.0,0.0,27.0,0.0,0.0,0.0,0.0,0.0,0.0,0.0,0.0,0.0,0.0,0.0,16.0,,,CrawXa00
Maxx Crosby,6-5,255,4.66,36.0,,122.0,6.89,4.13,CrosMa00,4,106,OAK,DE,22,2022.0,0,2,4,34.0,34.0,66.0,0.0,0.0,0.0,0.0,0.0,0.0,0.0,0.0,0.0,0.0,0.0,150.0,,37.5,CrosMa00
Dennis Daley,6-5,317,5.23,26.5,20.0,103.0,7.95,4.92,DaleDe00,6,212,CAR,T,23,2022.0,0,0,2,13.0,8.0,51.0,0.0,0.0,0.0,0.0,0.0,0.0,0.0,0.0,0.0,0.0,0.0,1.0,,,DaleDe00
Deshaun Davis,5-11,234,,31.0,25.0,111.0,,4.38,DaviDe01,6,210,CIN,LB,23,,0,0,0,,,,,,,,,,,,,,,,,,DaviDe01
Nate Davis,6-3,316,5.23,26.0,23.0,107.0,7.94,4.83,DaviNa01,3,82,TEN,G,22,2022.0,0,0,4,23.0,23.0,55.0,0.0,0.0,0.0,0.0,0.0,0.0,0.0,0.0,0.0,0.0,0.0,1.0,,,DaviNa01
Jamel Dean,6-1,206,4.3,41.0,16.0,130.0,7.02,4.19,DeanJa00,3,94,TAM,CB,22,2022.0,0,0,2,14.0,14.0,57.0,0.0,0.0,0.0,0.0,0.0,0.0,0.0,0.0,0.0,0.0,0.0,156.0,7.0,,DeanJa00
Michael Deiter,6-5,309,5.23,28.0,21.0,105.0,7.88,4.81,DeitMi00,3,78,MIA,G,23,2022.0,0,0,1,11.0,11.0,57.0,0.0,0.0,0.0,0.0,0.0,0.0,0.0,0.0,1.0,0.0,0.0,,,,DeitMi00
Andre Dillard,6-5,315,4.96,29.0,24.0,118.0,7.44,4.4,DillAn00,1,22,PHI,T,23,2022.0,0,0,0,7.0,7.0,43.0,0.0,0.0,0.0,0.0,0.0,0.0,0.0,0.0,0.0,0.0,0.0,,,,DillAn00
Chuma Edoga,6-3,308,5.19,,21.0,,,,EdogCh00,3,92,NYJ,T,22,2022.0,0,0,0,6.0,5.0,26.0,0.0,0.0,0.0,0.0,0.0,0.0,0.0,0.0,0.0,0.0,0.0,,,,EdogCh00
David Edwards,6-6,308,5.28,25.5,,99.0,7.69,4.77,EdwaDa01,5,169,LAR,T,22,2022.0,0,0,2,23.0,23.0,53.0,0.0,0.0,0.0,0.0,0.0,0.0,0.0,0.0,0.0,0.0,0.0,1.0,,,EdwaDa01
Mike Edwards,5-10,205,,,,,,,EdwaMi01,3,99,TAM,S,23,2022.0,0,0,1,13.0,13.0,58.0,0.0,0.0,0.0,0.0,0.0,0.0,0.0,0.0,0.0,0.0,0.0,125.0,7.0,2.0,EdwaMi01
Emeke Egbule,6-2,245,4.65,33.0,20.0,119.0,7.38,4.38,EgbuEm00,6,200,LAC,LB,22,2021.0,0,0,0,2.0,2.0,32.0,0.0,0.0,0.0,0.0,0.0,0.0,0.0,0.0,0.0,0.0,0.0,9.0,,,EgbuEm00
Bobby Evans,6-4,312,5.2,,22.0,,,,EvanBo00,3,97,LAR,T,22,2022.0,0,0,0,7.0,7.0,35.0,0.0,0.0,0.0,0.0,0.0,0.0,0.0,0.0,0.0,0.0,0.0,,,,EvanBo00
Noah Fant,6-4,249,4.5,39.5,20.0,127.0,6.81,4.22,FantNo00,1,20,DEN,TE,21,2022.0,0,0,4,18.0,14.0,64.0,0.0,0.0,0.0,0.0,0.0,3.0,-12.0,0.0,220.0,2391.0,14.0,2.0,,,FantNo00
Rashad Fenton,5-11,193,4.52,34.0,12.0,117.0,,4.25,FentRa00,6,201,KAN,CB,22,2022.0,0,0,0,7.0,7.0,49.0,0.0,0.0,0.0,0.0,0.0,0.0,0.0,0.0,0.0,0.0,0.0,98.0,2.0,,FentRa00
Clelin Ferrell,6-4,264,,,25.0,,7.26,4.4,FerrCl00,1,4,OAK,DE,22,2022.0,0,0,2,12.0,12.0,58.0,0.0,0.0,0.0,0.0,0.0,0.0,0.0,0.0,0.0,0.0,0.0,58.0,,10.0,FerrCl00
Ryan Finley,6-4,213,4.73,30.5,,116.0,7.2,4.2,FinlRy00,4,104,CIN,QB,24,2020.0,0,0,0,2.0,2.0,8.0,58.0,119.0,638.0,3.0,4.0,21.0,143.0,1.0,0.0,0.0,0.0,,,,FinlRy00
Cody Ford,6-4,329,5.21,28.5,19.0,104.0,8.27,4.87,FordCo00,2,38,BUF,T,22,2022.0,0,0,1,15.0,13.0,49.0,0.0,0.0,0.0,0.0,0.0,0.0,0.0,0.0,0.0,0.0,0.0,1.0,,,FordCo00
Hjalte Froholdt,6-5,306,5.2,27.5,31.0,105.0,7.51,4.54,FrohHj00,4,118,NWE,G,23,2022.0,0,0,0,3.0,0.0,31.0,0.0,0.0,0.0,0.0,0.0,0.0,0.0,0.0,0.0,0.0,0.0,,,,FrohHj00
Travis Fulgham,6-2,215,4.58,36.5,15.0,126.0,,,FulgTr00,6,184,DET,WR,23,2021.0,0,0,1,4.0,0.0,17.0,0.0,0.0,0.0,0.0,0.0,0.0,0.0,0.0,38.0,539.0,4.0,,,,FulgTr00
Lamont Gaillard,6-3,305,,,,,,,GailLa00,6,179,ARI,C,23,2020.0,0,0,0,2.0,2.0,13.0,0.0,0.0,0.0,0.0,0.0,0.0,0.0,0.0,0.0,0.0,0.0,,,,GailLa00
Greg Gaines,6-1,312,5.16,31.0,30.0,109.0,,,GainGr00,4,134,LAR,DT,23,2022.0,0,0,2,13.0,13.0,59.0,0.0,0.0,0.0,0.0,0.0,0.0,0.0,0.0,0.0,0.0,0.0,59.0,,10.5,GainGr00
Rashan Gary,6-4,277,4.58,38.0,26.0,120.0,7.26,4.29,GaryRa00,1,12,GNB,LB,21,2022.0,0,0,2,15.0,15.0,56.0,0.0,0.0,0.0,0.0,0.0,0.0,0.0,0.0,0.0,0.0,0.0,80.0,,22.5,GaryRa00
Myles Gaskin,5-9,205,4.58,35.5,24.0,118.0,7.19,4.27,GaskMy00,7,234,MIA,RB,22,2022.0,0,0,1,13.0,13.0,38.0,0.0,0.0,0.0,0.0,0.0,361.0,1355.0,7.0,101.0,701.0,6.0,,,,GaskMy00
Matt Gay,6-0,232,,,,,,,GayxMa00,5,145,TAM,K,25,2022.0,0,1,1,14.0,3.0,57.0,0.0,0.0,0.0,0.0,0.0,0.0,0.0,0.0,0.0,0.0,0.0,2.0,,,GayxMa00
Zach Gentry,6-8,265,4.9,29.5,12.0,110.0,7.4,4.53,GentZa00,5,141,PIT,TE,22,2022.0,0,0,2,2.0,2.0,40.0,0.0,0.0,0.0,0.0,0.0,0.0,0.0,0.0,39.0,303.0,0.0,1.0,,,GentZa00
Terry Godwin,5-11,184,4.55,36.5,,117.0,6.96,,GodwTe00,7,237,CAR,WR,22,2020.0,0,0,0,0.0,,3.0,0.0,0.0,0.0,0.0,0.0,1.0,3.0,0.0,3.0,32.0,0.0,,,,GodwTe00
Derwin Gray,6-4,320,5.26,,26.0,90.0,,,GrayDe01,7,219,PIT,T,24,2020.0,0,0,0,0.0,0.0,5.0,0.0,0.0,0.0,0.0,0.0,0.0,0.0,0.0,0.0,0.0,0.0,,,,GrayDe01
Gerri Green,6-4,252,4.63,35.0,24.0,114.0,7.27,4.42,GreeGe00,6,199,IND,DE,23,2022.0,0,0,0,0.0,,1.0,0.0,0.0,0.0,0.0,0.0,0.0,0.0,0.0,0.0,0.0,0.0,,,,GreeGe00
Dre Greenlaw,5-11,237,,33.0,24.0,117.0,,,GreeDr00,5,148,SFO,LB,22,2022.0,0,0,3,22.0,22.0,47.0,0.0,0.0,0.0,0.0,0.0,0.0,0.0,0.0,0.0,0.0,0.0,217.0,3.0,2.0,GreeDr00
Will Grier,6-2,217,4.84,34.0,,112.0,7.09,4.28,GrieWi00,3,100,CAR,QB,24,2019.0,0,0,0,1.0,1.0,2.0,28.0,52.0,228.0,0.0,4.0,7.0,22.0,0.0,0.0,0.0,0.0,,,,GrieWi00
Saquan Hampton,6-1,206,4.48,,14.0,125.0,,,HampSa00,6,177,NOR,S,23,2020.0,0,0,0,0.0,0.0,6.0,0.0,0.0,0.0,0.0,0.0,0.0,0.0,0.0,0.0,0.0,0.0,1.0,,,HampSa00
Mecole Hardman,5-10,187,4.33,36.5,17.0,119.0,,,HardMe00,2,56,KAN,WR,21,2022.0,0,1,0,22.0,22.0,57.0,0.0,0.0,0.0,0.0,0.0,20.0,125.0,2.0,151.0,2088.0,16.0,1.0,,,HardMe00
Kelvin Harmon,6-2,221,4.6,32.5,18.0,117.0,7.15,4.32,HarmKe00,6,206,WAS,WR,22,2019.0,0,0,1,3.0,3.0,16.0,1.0,1.0,11.0,0.0,0.0,0.0,0.0,0.0,30.0,365.0,0.0,2.0,,,HarmKe00
Damien Harris,5-10,216,4.57,37.0,16.0,121.0,,,HarrDa06,3,87,NWE,RB,22,2022.0,0,0,3,15.0,15.0,38.0,0.0,0.0,0.0,0.0,0.0,449.0,2094.0,20.0,40.0,281.0,0.0,,,,HarrDa06
Will Harris,6-1,207,4.41,36.5,20.0,123.0,6.91,4.12,HarrWi02,3,81,DET,S,23,2022.0,0,0,2,10.0,10.0,64.0,0.0,0.0,0.0,0.0,0.0,0.0,0.0,0.0,0.0,0.0,0.0,162.0,1.0,1.5,HarrWi02
N'Keal Harry,6-2,228,4.53,38.5,27.0,122.0,,,HarrNK00,1,32,NWE,WR,21,2022.0,0,0,1,7.0,6.0,40.0,0.0,0.0,0.0,0.0,0.0,7.0,49.0,0.0,64.0,714.0,5.0,,,,HarrNK00
Dwayne Haskins,6-3,231,5.04,28.5,,,,,HaskDw00,1,15,WAS,QB,22,2020.0,0,0,0,4.0,4.0,16.0,267.0,444.0,2804.0,12.0,14.0,40.0,147.0,1.0,0.0,0.0,0.0,,,,HaskDw00
Phil Haynes,6-4,322,5.2,31.0,33.0,108.0,7.76,4.95,HaynPh00,4,124,SEA,G,23,2022.0,0,0,0,3.0,3.0,23.0,0.0,0.0,0.0,0.0,0.0,0.0,0.0,0.0,0.0,0.0,0.0,,,,HaynPh00
Darrell Henderson,5-8,208,4.49,33.5,22.0,121.0,,,HendDa00,3,70,LAR,RB,22,2022.0,0,0,1,13.0,13.0,50.0,0.0,0.0,0.0,0.0,0.0,396.0,1742.0,13.0,66.0,474.0,4.0,1.0,,,HendDa00
Justice Hill,5-10,198,4.4,40.0,21.0,130.0,,,HillJu00,4,113,BAL,RB,21,2022.0,0,0,0,6.0,6.0,43.0,0.0,0.0,0.0,0.0,0.0,119.0,547.0,2.0,25.0,148.0,0.0,12.0,,,HillJu00
Trysten Hill,6-3,308,5.04,35.0,28.0,115.0,7.7,4.38,HillTr00,2,58,DAL,DT,21,2022.0,0,0,0,5.0,5.0,31.0,0.0,0.0,0.0,0.0,0.0,0.0,0.0,0.0,0.0,0.0,0.0,27.0,,1.5,HillTr00
T.J. Hockenson,6-5,251,4.7,37.5,17.0,123.0,7.02,4.18,HockTJ00,1,8,DET,TE,22,2022.0,0,2,2,21.0,17.0,57.0,0.0,0.0,0.0,0.0,0.0,1.0,0.0,0.0,246.0,2587.0,18.0,2.0,,,HockTJ00
Justin Hollins,6-5,248,4.5,36.5,25.0,119.0,7.06,4.4,HollJu00,5,156,DEN,LB,23,2022.0,0,0,0,8.0,1.0,55.0,0.0,0.0,0.0,0.0,0.0,0.0,0.0,0.0,0.0,0.0,0.0,63.0,,9.5,HollJu00
Travis Homer,5-10,201,4.48,39.5,17.0,130.0,7.07,4.31,HomeTr00,6,204,SEA,RB,21,2022.0,0,0,0,8.0,8.0,49.0,0.0,0.0,0.0,0.0,0.0,83.0,453.0,1.0,52.0,464.0,2.0,16.0,,,HomeTr00
Amani Hooker,5-11,210,4.48,37.0,14.0,123.0,6.81,4.1,HookAm00,4,116,TEN,S,21,2022.0,0,0,2,10.0,10.0,53.0,0.0,0.0,0.0,0.0,0.0,1.0,4.0,0.0,1.0,6.0,0.0,127.0,6.0,,HookAm00
Tytus Howard,6-5,322,5.05,29.5,21.0,103.0,8.34,4.87,HowaTy00,1,23,HOU,T,23,2022.0,0,0,4,23.0,23.0,54.0,0.0,0.0,0.0,0.0,0.0,0.0,0.0,0.0,0.0,0.0,0.0,,,,HowaTy00
Jalen Hurd,6-5,226,,,23.0,,,,HurdJa00,3,67,SFO,WR,23,,0,0,0,,,,,,,,,,,,,,,,,,HurdJa00
Andy Isabella,5-9,188,4.31,36.5,15.0,121.0,6.95,4.15,IsabAn00,2,62,ARI,WR,22,2022.0,0,0,0,4.0,4.0,41.0,0.0,0.0,0.0,0.0,0.0,6.0,10.0,0.0,33.0,447.0,3.0,3.0,,,IsabAn00
Joe Jackson,6-4,275,,27.0,22.0,109.0,,,JackJo02,5,165,DAL,DE,22,2021.0,0,0,0,1.0,0.0,20.0,0.0,0.0,0.0,0.0,0.0,0.0,0.0,0.0,0.0,0.0,0.0,13.0,,1.5,JackJo02
Josh Jacobs,5-10,220,,,,,,,JacoJo01,1,24,OAK,RB,21,2022.0,1,2,4,36.0,36.0,60.0,0.0,0.0,0.0,0.0,0.0,1072.0,4740.0,40.0,160.0,1152.0,0.0,3.0,,,JacoJo01
Jalen Jelks,6-5,256,4.92,32.5,19.0,113.0,7.22,4.59,JelkJa00,7,241,DAL,DE,23,,0,0,0,,,,,,,,,,,,,,,,,,JelkJa00
Elgton Jenkins,6-4,310,,28.0,29.0,109.0,7.77,4.62,JenkEl00,2,44,GNB,C,23,2022.0,0,2,3,31.0,31.0,55.0,0.0,0.0,0.0,0.0,0.0,0.0,0.0,0.0,0.0,0.0,0.0,,,,JenkEl00
Darryl Johnson,6-6,253,,,20.0,,,,JohnDa10,7,225,BUF,DE,22,2022.0,0,0,0,4.0,3.0,38.0,0.0,0.0,0.0,0.0,0.0,0.0,0.0,0.0,0.0,0.0,0.0,23.0,,2.0,JohnDa10
Diontae Johnson,5-10,183,4.53,33.5,15.0,123.0,7.09,4.45,JohnDi01,3,66,PIT,WR,23,2022.0,0,1,4,28.0,28.0,64.0,0.0,0.0,0.0,0.0,0.0,19.0,134.0,0.0,340.0,3646.0,20.0,2.0,,,JohnDi01
Isaiah Johnson,6-2,208,4.4,36.5,,133.0,6.81,4.06,JohnIs02,4,129,OAK,CB,23,2020.0,0,0,0,1.0,1.0,19.0,0.0,0.0,0.0,0.0,0.0,0.0,0.0,0.0,0.0,0.0,0.0,8.0,,,JohnIs02
Jaquan Johnson,5-10,191,4.69,33.0,18.0,121.0,,,JohnJa11,6,181,BUF,CB,23,2022.0,0,0,0,5.0,5.0,60.0,1.0,1.0,13.0,0.0,0.0,0.0,0.0,0.0,0.0,0.0,0.0,34.0,2.0,,JohnJa11
Daniel Jones,6-5,221,4.81,33.5,,120.0,7.0,4.41,JoneDa05,1,6,NYG,QB,22,2022.0,0,0,4,38.0,38.0,54.0,1113.0,1740.0,11603.0,60.0,34.0,292.0,1708.0,12.0,1.0,16.0,0.0,,,,JoneDa05
Dre'Mont Jones,6-3,281,5.12,31.5,,110.0,7.71,4.53,JoneDr00,3,71,DEN,DT,22,2022.0,0,0,2,18.0,18.0,56.0,0.0,0.0,0.0,0.0,0.0,0.0,0.0,0.0,0.0,0.0,0.0,76.0,1.0,22.0,JoneDr00
Michael Jordan,6-6,312,5.27,32.5,19.0,116.0,7.71,4.71,JordMi01,4,136,CIN,G,21,2022.0,0,0,2,11.0,8.0,55.0,0.0,0.0,0.0,0.0,0.0,0.0,0.0,0.0,0.0,0.0,0.0,2.0,,,JordMi01
Vosean Joseph,6-1,230,,,,,,,JoseVo00,5,147,BUF,LB,21,,0,0,0,,,,,,,,,,,,,,,,,,JoseVo00
Kingsley Keke,6-3,288,4.95,31.5,,111.0,7.55,4.46,KekeKi00,5,150,GNB,DT,22,2021.0,0,0,1,9.0,9.0,41.0,0.0,0.0,0.0,0.0,0.0,0.0,0.0,0.0,0.0,0.0,0.0,25.0,,6.5,KekeKi00
Dawson Knox,6-4,254,,34.5,16.0,,7.12,4.27,KnoxDa00,3,96,BUF,TE,22,2022.0,0,1,4,16.0,16.0,57.0,0.0,0.0,0.0,0.0,0.0,1.0,13.0,0.0,149.0,1780.0,20.0,3.0,,,KnoxDa00
Dexter Lawrence,6-4,342,5.05,,36.0,,,,LawrDe03,1,17,NYG,DT,21,2022.0,0,1,3,31.0,31.0,64.0,0.0,0.0,0.0,0.0,0.0,0.0,0.0,0.0,0.0,0.0,0.0,116.0,,16.5,LawrDe03
Justin Layne,6-2,192,4.5,37.5,,134.0,6.9,4.09,LaynJu00,3,83,PIT,CB,21,2022.0,0,0,0,3.0,3.0,52.0,0.0,0.0,0.0,0.0,0.0,0.0,0.0,0.0,0.0,0.0,0.0,32.0,,,LaynJu00
Chris Lindstrom,6-4,308,4.91,30.5,25.0,117.0,7.61,4.54,LindCh00,1,14,ATL,G,22,2022.0,0,1,3,26.0,26.0,55.0,0.0,0.0,0.0,0.0,0.0,0.0,0.0,0.0,0.0,0.0,0.0,2.0,,,LindCh00
Greg Little,6-5,310,5.33,25.0,,113.0,,4.74,LittGr01,2,37,CAR,T,21,2022.0,0,0,0,8.0,3.0,31.0,0.0,0.0,0.0,0.0,0.0,0.0,0.0,0.0,0.0,0.0,0.0,1.0,,,LittGr01
Drew Lock,6-4,228,4.69,31.0,,112.0,7.03,4.12,LockDr00,2,42,DEN,QB,22,2021.0,0,0,1,12.0,12.0,24.0,421.0,710.0,4740.0,25.0,20.0,72.0,285.0,5.0,1.0,1.0,0.0,1.0,,,LockDr00
David Long,5-11,196,4.45,39.5,15.0,120.0,6.45,3.97,LongDa02,3,79,LAR,CB,21,2022.0,0,0,0,6.0,6.0,52.0,0.0,0.0,0.0,0.0,0.0,0.0,0.0,0.0,0.0,0.0,0.0,67.0,1.0,,LongDa02
David Long,5-11,196,4.45,39.5,15.0,120.0,6.45,3.97,LongDa02,6,188,TEN,LB,22,2022.0,0,0,1,14.0,14.0,50.0,0.0,0.0,0.0,0.0,0.0,0.0,0.0,0.0,0.0,0.0,0.0,137.0,4.0,,LongDa04
Bryce Love,5-9,200,,,18.0,,,,LoveBr00,4,112,WAS,RB,22,,0,0,0,,,,,,,,,,,,,,,,,,LoveBr00
Julian Love,5-11,195,4.54,36.0,14.0,121.0,6.72,4.1,LoveJu00,4,108,NYG,CB,21,2022.0,0,0,1,13.0,13.0,64.0,0.0,0.0,0.0,0.0,0.0,0.0,0.0,0.0,0.0,0.0,0.0,192.0,5.0,1.5,LoveJu00
Daylon Mack,6-1,336,5.1,27.0,30.0,102.0,8.02,4.95,MackDa00,5,160,BAL,DT,22,2019.0,0,0,0,0.0,0.0,1.0,0.0,0.0,0.0,0.0,0.0,0.0,0.0,0.0,0.0,0.0,0.0,,,,MackDa00
Alexander Mattison,5-11,221,4.67,35.0,22.0,127.0,7.13,4.29,MattAl01,3,102,MIN,RB,21,2022.0,0,0,0,14.0,14.0,59.0,0.0,0.0,0.0,0.0,0.0,404.0,1670.0,11.0,70.0,526.0,3.0,,,,MattAl01
Erik McCoy,6-4,303,4.89,31.0,29.0,107.0,8.28,4.62,McCoEr01,2,48,NOR,C,22,2022.0,0,0,4,24.0,24.0,57.0,0.0,0.0,0.0,0.0,0.0,0.0,0.0,0.0,0.0,0.0,0.0,1.0,,,McCoEr01
Kaleb McGary,6-7,317,5.05,33.5,23.0,111.0,7.66,4.58,McGaKa00,1,31,ATL,T,24,2022.0,0,0,4,28.0,28.0,63.0,0.0,0.0,0.0,0.0,0.0,0.0,0.0,0.0,1.0,-3.0,0.0,,,,McGaKa00
Connor McGovern,6-5,308,,,28.0,112.0,7.66,4.57,McGoCo01,3,90,DAL,G,21,2022.0,0,0,1,14.0,14.0,45.0,0.0,0.0,0.0,0.0,0.0,0.0,0.0,0.0,0.0,0.0,0.0,1.0,,,McGoCo01
Terry McLaurin,6-0,208,4.35,37.5,18.0,125.0,7.01,4.15,McLaTe00,3,76,WAS,WR,23,2022.0,0,1,4,31.0,31.0,63.0,0.0,0.0,0.0,0.0,0.0,10.0,71.0,0.0,299.0,4281.0,21.0,5.0,,,McLaTe00
Trace McSorley,6-0,202,4.57,33.0,,115.0,7.09,4.12,McSoTr00,6,197,BAL,QB,24,2022.0,0,0,0,1.0,0.0,9.0,48.0,93.0,502.0,1.0,5.0,21.0,79.0,0.0,0.0,0.0,0.0,,,,McSoTr00
D.K. Metcalf,6-3,228,4.33,40.5,27.0,134.0,7.38,4.5,MetcDK00,2,64,SEA,WR,21,2022.0,0,1,4,37.0,37.0,66.0,0.0,0.0,0.0,0.0,0.0,3.0,17.0,0.0,306.0,4218.0,35.0,2.0,,,MetcDK00
Joshua Miles,6-5,314,5.32,36.0,,109.0,8.07,4.75,MileJo00,7,248,ARI,T,23,2021.0,0,0,0,2.0,2.0,17.0,0.0,0.0,0.0,0.0,0.0,0.0,0.0,0.0,0.0,0.0,0.0,,,,MileJo00
Christian Miller,6-3,247,,38.5,,118.0,,,MillCh04,4,115,CAR,LB,23,2019.0,0,0,0,1.0,1.0,7.0,0.0,0.0,0.0,0.0,0.0,0.0,0.0,0.0,0.0,0.0,0.0,2.0,,2.0,MillCh04
Jordan Miller,6-1,186,4.49,37.0,6.0,125.0,,,MillJo05,5,172,ATL,CB,22,2021.0,0,0,0,1.0,1.0,12.0,0.0,0.0,0.0,0.0,0.0,0.0,0.0,0.0,0.0,0.0,0.0,4.0,,,MillJo05
Shareef Miller,6-4,254,4.69,29.5,16.0,,,4.45,MillSh00,4,138,PHI,DE,22,2019.0,0,0,0,0.0,0.0,1.0,0.0,0.0,0.0,0.0,0.0,0.0,0.0,0.0,0.0,0.0,0.0,,,,MillSh00
Dillon Mitchell,6-1,197,4.46,36.5,12.0,122.0,,4.29,MitcDi00,7,239,MIN,WR,22,,0,0,0,,,,,,,,,,,,,,,,,,MitcDi00
David Montgomery,5-10,222,4.63,28.5,15.0,121.0,,,MontDa01,3,73,CHI,RB,22,2022.0,0,0,3,28.0,28.0,60.0,0.0,1.0,0.0,0.0,1.0,915.0,3609.0,26.0,155.0,1240.0,4.0,,,,MontDa01
Foster Moreau,6-4,253,4.66,36.5,22.0,121.0,7.16,4.11,MoreFo00,4,137,OAK,TE,22,2022.0,0,0,3,9.0,9.0,61.0,0.0,0.0,0.0,0.0,0.0,0.0,2.0,0.0,91.0,1107.0,12.0,6.0,,,MoreFo00
Trayvon Mullen,6-1,199,4.46,34.5,,123.0,,,MullTr00,2,40,OAK,CB,21,2022.0,0,0,2,10.0,10.0,46.0,0.0,0.0,0.0,0.0,0.0,0.0,0.0,0.0,0.0,0.0,0.0,128.0,4.0,,MullTr00
Byron Murphy,5-11,190,4.55,36.5,14.0,120.0,,,MurpBy00,2,33,ARI,CB,21,2022.0,0,0,3,19.0,19.0,56.0,0.0,0.0,0.0,0.0,0.0,0.0,0.0,0.0,0.0,0.0,0.0,184.0,5.0,3.0,MurpBy00
Kyler Murray,5-10,207,,,,,,,MurrKy00,1,1,ARI,QB,22,2022.0,0,2,4,51.0,51.0,57.0,1316.0,1971.0,13848.0,84.0,41.0,381.0,2204.0,23.0,0.0,7.0,0.0,,,,MurrKy00
Isaac Nauta,6-3,244,4.91,28.0,19.0,,7.45,4.43,NautIs00,7,224,DET,TE,22,2020.0,0,0,0,0.0,0.0,13.0,0.0,0.0,0.0,0.0,0.0,0.0,0.0,0.0,3.0,16.0,0.0,,,,NautIs00
Anthony Nelson,6-7,271,4.82,35.5,18.0,118.0,6.95,4.23,NelsAn01,4,107,TAM,DE,22,2022.0,0,0,0,11.0,11.0,59.0,0.0,0.0,0.0,0.0,0.0,0.0,0.0,0.0,0.0,0.0,0.0,51.0,,11.5,NelsAn01
Bobby Okereke,6-1,239,4.58,33.5,,122.0,7.25,4.26,OkerBo00,3,89,IND,LB,23,2022.0,0,0,4,22.0,22.0,64.0,0.0,0.0,0.0,0.0,0.0,0.0,0.0,0.0,0.0,0.0,0.0,293.0,3.0,2.0,OkerBo00
Ed Oliver,6-2,287,,36.0,32.0,120.0,,,OlivEd00,1,9,BUF,DT,21,2022.0,0,0,3,29.0,29.0,62.0,0.0,0.0,0.0,0.0,0.0,0.0,0.0,0.0,0.0,0.0,0.0,96.0,,14.5,OlivEd00
Josh Oliver,6-5,249,4.63,34.0,22.0,117.0,7.21,4.47,OlivJo00,3,69,JAX,TE,22,2022.0,0,0,1,2.0,0.0,35.0,0.0,0.0,0.0,0.0,0.0,0.0,0.0,0.0,26.0,230.0,2.0,3.0,,,OlivJo00
Qadree Ollison,6-1,228,4.58,29.5,19.0,114.0,7.53,4.31,OlliQa00,5,152,ATL,RB,22,2022.0,0,0,0,1.0,1.0,22.0,0.0,0.0,0.0,0.0,0.0,44.0,158.0,5.0,5.0,19.0,0.0,6.0,,,OlliQa00
Charles Omenihu,6-5,280,4.92,36.5,,115.0,7.48,4.36,OmenCh00,5,161,HOU,DE,22,2022.0,0,0,0,8.0,5.0,61.0,0.0,0.0,0.0,0.0,0.0,0.0,0.0,0.0,0.0,0.0,0.0,40.0,,11.5,OmenCh00
Amani Oruwariye,6-2,205,4.47,36.5,17.0,120.0,6.82,4.16,OruwAm00,5,146,DET,CB,23,2022.0,0,0,2,11.0,11.0,53.0,0.0,0.0,0.0,0.0,0.0,0.0,0.0,0.0,0.0,0.0,0.0,143.0,9.0,,OruwAm00
Javon Patterson,6-3,307,5.13,27.5,27.0,98.0,7.72,4.78,PattJa00,7,246,IND,C,22,2020.0,0,0,0,0.0,,1.0,0.0,0.0,0.0,0.0,0.0,0.0,0.0,0.0,0.0,0.0,0.0,,,,PattJa00
Ross Pierschbacher,6-4,307,5.2,22.5,20.0,,7.83,4.7,PierRo00,5,153,WAS,G,24,2022.0,0,0,0,0.0,0.0,11.0,0.0,0.0,0.0,0.0,0.0,0.0,0.0,0.0,0.0,0.0,0.0,,,,PierRo00
Trey Pipkins,6-6,309,5.12,33.5,16.0,114.0,7.61,4.7,PipkTr00,3,91,LAC,T,23,2022.0,0,0,1,15.0,15.0,52.0,0.0,0.0,0.0,0.0,0.0,0.0,0.0,0.0,0.0,0.0,0.0,,,,PipkTr00
Jachai Polite,6-3,258,4.84,32.0,,,,,PoliJa00,3,68,NYJ,LB,22,2020.0,0,0,0,1.0,,11.0,0.0,0.0,0.0,0.0,0.0,0.0,0.0,0.0,0.0,0.0,0.0,3.0,,1.0,PoliJa00
Tony Pollard,6-0,210,4.52,35.0,13.0,121.0,,,PollTo00,4,128,DAL,RB,22,2022.0,0,1,0,25.0,25.0,62.0,0.0,0.0,0.0,0.0,0.0,510.0,2616.0,17.0,121.0,1008.0,5.0,6.0,,,PollTo00
Ben Powers,6-4,307,,,21.0,,,,PoweBe00,4,123,BAL,G,22,2022.0,0,0,3,14.0,14.0,47.0,0.0,0.0,0.0,0.0,0.0,0.0,0.0,0.0,0.0,0.0,0.0,,,,PoweBe00
Germaine Pratt,6-2,240,4.57,32.5,24.0,116.0,,,PratGe00,3,72,CIN,LB,23,2022.0,0,0,4,27.0,27.0,62.0,0.0,0.0,0.0,0.0,0.0,0.0,0.0,0.0,0.0,0.0,0.0,212.0,3.0,1.5,PratGe00
Isaiah Prince,6-6,305,5.09,27.0,23.0,115.0,7.9,5.02,PrinIs00,6,202,MIA,T,22,2021.0,0,0,0,4.0,1.0,19.0,0.0,0.0,0.0,0.0,0.0,0.0,0.0,0.0,0.0,0.0,0.0,,,,PrinIs00
Taylor Rapp,6-0,208,,35.0,17.0,115.0,6.82,3.99,RappTa00,2,61,LAR,S,21,2022.0,0,0,3,18.0,18.0,57.0,0.0,0.0,0.0,0.0,0.0,0.0,0.0,0.0,0.0,0.0,0.0,216.0,9.0,1.5,RappTa00
Sheldrick Redwine,6-0,196,4.44,39.0,,130.0,,4.14,RedwSh00,4,119,CLE,S,22,2021.0,0,0,0,4.0,4.0,33.0,0.0,0.0,0.0,0.0,0.0,0.0,0.0,0.0,0.0,0.0,0.0,52.0,1.0,0.5,RedwSh00
Hunter Renfrow,5-10,184,4.59,35.0,7.0,116.0,6.8,4.19,RenfHu00,5,149,OAK,WR,23,2022.0,0,1,0,20.0,20.0,56.0,0.0,0.0,0.0,0.0,0.0,3.0,3.0,0.0,244.0,2629.0,17.0,6.0,,,RenfHu00
Riley Ridley,6-1,199,4.58,30.5,13.0,124.0,7.22,4.28,RidlRi00,4,126,CHI,WR,23,2020.0,0,0,0,1.0,1.0,10.0,0.0,0.0,0.0,0.0,0.0,0.0,0.0,0.0,10.0,108.0,0.0,,,,RidlRi00
Dalton Risner,6-5,312,5.3,28.5,23.0,110.0,7.69,4.52,RisnDa00,2,41,DEN,T,24,2022.0,0,0,4,21.0,21.0,62.0,0.0,0.0,0.0,0.0,0.0,0.0,0.0,0.0,0.0,0.0,0.0,,,,RisnDa00
Dontavius Russell,6-3,319,5.15,,24.0,,7.81,4.77,RussDo00,7,235,JAX,DT,23,2019.0,0,0,0,0.0,0.0,3.0,0.0,0.0,0.0,0.0,0.0,0.0,0.0,0.0,0.0,0.0,0.0,3.0,,,RussDo00
Dru Samia,6-5,305,5.29,27.5,28.0,101.0,7.89,4.7,SamiDr00,4,114,MIN,G,22,2020.0,0,0,0,3.0,3.0,15.0,0.0,0.0,0.0,0.0,0.0,0.0,0.0,0.0,0.0,0.0,0.0,,,,SamiDr00
Drew Sample,6-5,255,4.71,33.5,,115.0,7.15,4.31,SampDr00,2,52,CIN,TE,23,2022.0,0,0,1,4.0,4.0,44.0,0.0,0.0,0.0,0.0,0.0,0.0,0.0,0.0,58.0,458.0,1.0,1.0,,,SampDr00
Deebo Samuel,5-11,214,4.48,39.0,15.0,122.0,7.03,4.14,SamuDe00,2,36,SFO,WR,23,2022.0,1,1,3,33.0,33.0,51.0,1.0,2.0,24.0,1.0,0.0,123.0,782.0,14.0,223.0,3230.0,12.0,2.0,,,SamuDe00
Miles Sanders,5-11,211,4.49,36.0,20.0,124.0,6.89,4.19,SandMi01,2,53,PHI,RB,22,2022.0,0,1,4,29.0,29.0,57.0,0.0,0.0,0.0,0.0,0.0,739.0,3708.0,20.0,124.0,942.0,3.0,,,,SandMi01
Khalen Saunders,6-0,324,5.01,30.5,27.0,101.0,7.57,4.62,SaunKh00,3,84,KAN,DT,23,2022.0,0,0,0,5.0,5.0,38.0,0.0,0.0,0.0,0.0,0.0,0.0,0.0,0.0,0.0,0.0,0.0,40.0,,4.5,SaunKh00
Jordan Scarlett,5-11,208,4.47,30.0,21.0,116.0,7.37,4.63,ScarJo00,5,154,CAR,RB,23,2021.0,0,0,0,0.0,0.0,10.0,0.0,0.0,0.0,0.0,0.0,4.0,9.0,0.0,0.0,0.0,0.0,1.0,,,ScarJo00
Max Scharping,6-6,327,,28.0,27.0,108.0,7.77,4.69,SchaMa01,2,55,HOU,T,23,2022.0,0,0,3,17.0,16.0,62.0,0.0,0.0,0.0,0.0,0.0,0.0,0.0,0.0,0.0,7.0,0.0,,,,SchaMa01
Austin Seibert,5-9,213,,,,,,,SeibAu00,5,170,CLE,K,22,2022.0,0,0,0,4.0,3.0,30.0,0.0,0.0,0.0,0.0,0.0,0.0,0.0,0.0,0.0,0.0,0.0,,,,SeibAu00
Kendall Sheffield,5-11,193,,,,,,,ShefKe00,4,111,ATL,CB,23,2021.0,0,0,0,6.0,6.0,38.0,0.0,0.0,0.0,0.0,0.0,0.0,0.0,0.0,0.0,0.0,0.0,72.0,,,ShefKe00
Devin Singletary,5-7,203,4.66,35.0,15.0,117.0,7.32,4.4,SingDe00,3,74,BUF,RB,22,2022.0,0,0,4,28.0,28.0,61.0,0.0,0.0,0.0,0.0,0.0,672.0,3151.0,16.0,145.0,971.0,4.0,3.0,,,SingDe00
Chris Slayton,6-4,307,5.13,29.0,28.0,101.0,,4.73,SlayCh00,7,245,NYG,DT,23,,0,0,0,,,,,,,,,,,,,,,,,,SlayCh00
Darius Slayton,6-1,190,4.39,40.5,11.0,135.0,7.0,4.15,SlayDa01,5,171,NYG,WR,22,2022.0,0,0,3,20.0,20.0,59.0,0.0,0.0,0.0,0.0,0.0,3.0,-14.0,0.0,170.0,2554.0,15.0,4.0,,,SlayDa01
Cameron Smith,6-2,238,4.69,39.0,15.0,123.0,,4.23,SmitCa01,5,162,MIN,LB,22,2019.0,0,0,0,0.0,0.0,5.0,0.0,0.0,0.0,0.0,0.0,0.0,0.0,0.0,0.0,0.0,0.0,4.0,,,SmitCa01
Kaden Smith,6-5,255,4.92,32.0,15.0,108.0,7.08,4.47,SmitKa00,6,176,SFO,TE,22,2021.0,0,0,1,3.0,,33.0,0.0,0.0,0.0,0.0,0.0,0.0,0.0,0.0,52.0,413.0,3.0,2.0,,,SmitKa00
Sutton Smith,6-0,233,4.69,31.5,25.0,118.0,6.75,4.32,SmitSu00,6,175,PIT,DE,23,2021.0,0,0,0,0.0,,8.0,0.0,0.0,0.0,0.0,0.0,0.0,0.0,0.0,0.0,0.0,0.0,1.0,,,SmitSu00
Jace Sternberger,6-4,251,4.75,31.5,17.0,113.0,7.19,4.31,SterJa00,3,75,GNB,TE,23,2020.0,0,0,0,1.0,1.0,18.0,0.0,0.0,0.0,0.0,0.0,0.0,0.0,0.0,12.0,114.0,1.0,,,,SterJa00
Easton Stick,6-1,224,4.62,33.5,,118.0,6.65,4.05,SticEa00,5,166,LAC,QB,23,2020.0,0,0,0,0.0,0.0,1.0,1.0,1.0,4.0,0.0,0.0,1.0,-2.0,0.0,0.0,0.0,0.0,,,,SticEa00
Jarrett Stidham,6-2,218,4.81,31.0,,110.0,7.28,4.33,StidJa00,4,133,NWE,QB,23,2022.0,0,0,0,4.0,1.0,13.0,77.0,131.0,926.0,6.0,7.0,23.0,89.0,0.0,0.0,0.0,0.0,2.0,,,StidJa00
Ty Summers,6-1,241,4.51,36.0,27.0,123.0,,,SummTy00,7,226,GNB,LB,23,2022.0,0,0,0,4.0,4.0,52.0,0.0,0.0,0.0,0.0,0.0,0.0,0.0,0.0,0.0,0.0,0.0,41.0,,,SummTy00
Montez Sweat,6-6,260,4.41,36.0,21.0,125.0,7.0,4.29,SweaMo00,1,26,WAS,DE,23,2022.0,0,0,3,27.0,27.0,59.0,0.0,0.0,0.0,0.0,0.0,0.0,0.0,0.0,0.0,0.0,0.0,99.0,1.0,29.0,SweaMo00
Tommy Sweeney,6-4,251,4.83,,17.0,,,,SweeTo00,7,228,BUF,TE,24,2022.0,0,0,0,1.0,1.0,24.0,0.0,0.0,0.0,0.0,0.0,0.0,0.0,0.0,18.0,165.0,1.0,,,,SweeTo00
Sione Takitaki,6-1,238,4.63,37.0,24.0,125.0,7.21,4.28,TakiSi00,3,80,CLE,LB,24,2022.0,0,0,1,14.0,14.0,57.0,0.0,0.0,0.0,0.0,0.0,0.0,0.0,0.0,0.0,0.0,0.0,112.0,1.0,2.0,TakiSi00
Jahlani Tavai,6-2,250,,,,,,,TavaJa00,2,43,DET,LB,22,2022.0,0,0,2,16.0,7.0,61.0,0.0,0.0,0.0,0.0,0.0,0.0,0.0,0.0,0.0,0.0,0.0,112.0,1.0,3.5,TavaJa00
Jawaan Taylor,6-5,312,,,24.0,,,,TaylJa02,2,35,JAX,T,21,2022.0,0,0,4,26.0,26.0,66.0,0.0,0.0,0.0,0.0,0.0,0.0,0.0,0.0,0.0,0.0,0.0,1.0,,,TaylJa02
Deionte Thompson,6-1,195,,,,,,,ThomDe06,5,139,ARI,S,22,2022.0,0,0,0,4.0,4.0,44.0,0.0,0.0,0.0,0.0,0.0,0.0,0.0,0.0,0.0,0.0,0.0,37.0,,,ThomDe06
Juan Thornhill,6-0,205,4.42,44.0,21.0,141.0,,,ThorJu00,2,63,KAN,S,23,2022.0,0,0,4,17.0,17.0,65.0,0.0,0.0,0.0,0.0,0.0,0.0,0.0,0.0,0.0,0.0,0.0,161.0,8.0,1.0,ThorJu00
Clayton Thorson,6-4,222,,,,,,,ThorCl00,5,167,PHI,QB,24,,0,0,0,,,,,,,,,,,,,,,,,,ThorCl00
Jerry Tillery,6-6,295,4.93,32.0,23.0,115.0,7.45,4.33,TillJe00,1,28,LAC,DT,22,2022.0,0,0,1,16.0,14.0,62.0,0.0,0.0,0.0,0.0,0.0,0.0,0.0,0.0,0.0,0.0,0.0,65.0,,10.5,TillJe00
Drue Tranquill,6-2,234,4.57,37.5,31.0,122.0,6.94,4.14,TranDr00,4,130,LAC,LB,24,2022.0,0,0,1,14.0,14.0,47.0,0.0,0.0,0.0,0.0,0.0,0.0,0.0,0.0,0.0,0.0,0.0,202.0,1.0,6.5,TranDr00
Oli Udoh,6-5,323,5.05,28.5,26.0,105.0,7.88,5.05,-9999,6,193,MIN,T,22,2022.0,0,0,1,8.0,8.0,41.0,0.0,0.0,0.0,0.0,0.0,0.0,0.0,0.0,0.0,0.0,0.0,,,,UdohOl01
D'Andre Walker,6-2,251,,,,,,,WalkDA02,5,168,TEN,LB,22,2020.0,0,0,0,0.0,,1.0,0.0,0.0,0.0,0.0,0.0,0.0,0.0,0.0,0.0,0.0,0.0,,,,WalkDA02
Kahale Warring,6-5,252,4.67,36.5,19.0,122.0,7.21,4.25,WarrKa00,3,86,HOU,TE,22,2021.0,0,0,0,0.0,0.0,9.0,0.0,0.0,0.0,0.0,0.0,0.0,0.0,0.0,3.0,35.0,0.0,,,,WarrKa00
Armon Watts,6-5,300,5.23,,,,,,WattAr01,6,190,MIN,DT,23,2022.0,0,0,1,12.0,7.0,57.0,0.0,0.0,0.0,0.0,0.0,0.0,0.0,0.0,0.0,0.0,0.0,57.0,,8.0,WattAr01
Mike Weber,5-10,211,4.47,33.5,22.0,,,,WebeMi00,7,218,DAL,RB,22,,0,0,0,,,,,,,,,,,,,,,,,,WebeMi00
Ken Webster,5-11,203,4.43,43.0,18.0,133.0,6.85,4.14,WebsKe00,7,252,NWE,CB,23,2020.0,0,0,0,3.0,,17.0,0.0,0.0,0.0,0.0,0.0,0.0,0.0,0.0,0.0,0.0,0.0,22.0,,,WebsKe00
Trevon Wesco,6-3,267,4.89,31.0,24.0,117.0,7.18,4.38,WescTr00,4,121,NYJ,TE,23,2022.0,0,0,0,0.0,0.0,54.0,0.0,0.0,0.0,0.0,0.0,2.0,2.0,0.0,8.0,113.0,0.0,6.0,,,WescTr00
Devin White,6-0,237,4.42,39.5,22.0,118.0,7.07,4.17,WhitDe02,1,5,TAM,LB,21,2022.0,0,1,4,40.0,40.0,62.0,0.0,0.0,0.0,0.0,0.0,0.0,0.0,0.0,0.0,0.0,0.0,315.0,1.0,20.5,WhitDe02
Christian Wilkins,6-3,315,5.04,29.5,28.0,107.0,,4.55,WilkCh00,1,13,MIA,DT,23,2022.0,0,0,4,27.0,27.0,64.0,0.0,0.0,0.0,0.0,0.0,0.0,0.0,0.0,2.0,2.0,2.0,166.0,1.0,11.5,WilkCh00
Dexter Williams,5-11,212,4.57,36.0,17.0,130.0,7.0,4.16,WillDe07,6,194,GNB,RB,22,2020.0,0,0,0,0.0,0.0,7.0,0.0,0.0,0.0,0.0,0.0,7.0,19.0,0.0,0.0,0.0,0.0,,,,WillDe07
Greedy Williams,6-2,185,4.37,,,,,,WillGr00,2,46,CLE,CB,21,2022.0,0,0,1,8.0,8.0,39.0,0.0,0.0,0.0,0.0,0.0,0.0,0.0,0.0,0.0,0.0,0.0,78.0,2.0,,WillGr00
Jonah Williams,6-4,302,5.12,28.0,23.0,100.0,8.01,4.79,WillJo10,1,11,CIN,G,21,2022.0,0,0,3,23.0,23.0,42.0,0.0,0.0,0.0,0.0,0.0,0.0,0.0,0.0,0.0,0.0,0.0,,,,WillJo10
Joejuan Williams,6-4,211,4.64,,17.0,,,,WillJo13,2,45,NWE,CB,21,2021.0,0,0,0,3.0,3.0,36.0,0.0,0.0,0.0,0.0,0.0,0.0,0.0,0.0,0.0,0.0,0.0,31.0,,,WillJo13
Quinnen Williams,6-3,303,4.83,30.5,,112.0,,,WillQu00,1,3,NYJ,DT,21,2022.0,1,1,4,32.0,32.0,57.0,0.0,0.0,0.0,0.0,0.0,0.0,0.0,0.0,0.0,0.0,0.0,118.0,,27.5,WillQu00
Trayveon Williams,5-8,206,4.51,33.0,19.0,121.0,7.44,4.44,WillTr06,6,182,CIN,RB,21,2022.0,0,0,0,2.0,2.0,34.0,0.0,0.0,0.0,0.0,0.0,47.0,238.0,0.0,8.0,64.0,0.0,6.0,,,WillTr06
Khari Willis,5-11,213,4.52,34.5,22.0,118.0,,,WillKh00,4,109,IND,S,23,2021.0,0,0,1,12.0,12.0,39.0,0.0,0.0,0.0,0.0,0.0,0.0,0.0,0.0,0.0,0.0,0.0,161.0,4.0,3.5,WillKh00
Caleb Wilson,6-4,240,4.56,29.0,,113.0,7.2,4.4,WilsCa00,7,254,ARI,TE,23,2020.0,0,0,0,0.0,,5.0,0.0,0.0,0.0,0.0,0.0,0.0,0.0,0.0,0.0,0.0,0.0,,,,WilsCa00
Donovan Wilson,6-0,199,,36.0,18.0,127.0,,,WilsDo01,6,213,DAL,S,24,2022.0,0,0,2,12.0,12.0,51.0,0.0,0.0,0.0,0.0,0.0,0.0,0.0,0.0,0.0,0.0,0.0,143.0,3.0,8.5,WilsDo01
Mack Wilson,6-1,240,,32.0,,117.0,,,WilsMa03,5,155,CLE,LB,21,2022.0,0,0,2,15.0,13.0,60.0,0.0,0.0,0.0,0.0,0.0,0.0,0.0,0.0,0.0,0.0,0.0,122.0,1.0,2.5,WilsMa03
Chase Winovich,6-3,256,4.59,30.5,18.0,116.0,6.94,4.11,WinoCh00,3,77,NWE,DE,24,2022.0,0,0,0,11.0,10.0,53.0,0.0,0.0,0.0,0.0,0.0,0.0,0.0,0.0,0.0,0.0,0.0,70.0,1.0,12.0,WinoCh00
Mitch Wishnowsky,6-2,218,4.63,32.5,,117.0,,,WishMi00,4,110,SFO,P,27,2022.0,0,0,1,7.0,7.0,66.0,0.0,0.0,0.0,0.0,0.0,0.0,0.0,0.0,0.0,0.0,0.0,9.0,,,WishMi00
Renell Wren,6-5,318,5.01,32.0,30.0,118.0,7.65,4.53,WrenRe00,4,125,CIN,DT,23,2022.0,0,0,0,2.0,2.0,13.0,0.0,0.0,0.0,0.0,0.0,0.0,0.0,0.0,0.0,0.0,0.0,4.0,,,WrenRe00
Oshane Ximines,6-3,253,4.78,34.0,24.0,118.0,7.13,4.57,XimiOs00,3,95,NYG,DE,22,2022.0,0,0,0,8.0,8.0,45.0,0.0,0.0,0.0,0.0,0.0,0.0,0.0,0.0,0.0,0.0,0.0,34.0,,6.5,XimiOs00
Rock Ya-Sin,6-0,192,4.51,39.5,18.0,120.0,7.31,4.31,Ya-SRo00,2,34,IND,CB,23,2022.0,0,0,1,13.0,11.0,52.0,0.0,0.0,0.0,0.0,0.0,0.0,0.0,0.0,0.0,0.0,0.0,154.0,2.0,,Ya-SRo00
